Seq,Npos,A,B,Y,Z,Cpos
V,1,72.08082,100.07574,1105.54593,1088.52048,9
L,2,185.16488,213.15980,1006.47752,989.45207,8
W,3,371.24420,399.23911,893.39346,876.36800,7
S,4,458.27622,486.27114,707.31414,690.28869,6
V,5,557.34464,585.33955,620.28212,603.25666,5
C,6,660.35382,688.34874,521.21370,504.18825,4
D,7,775.38077,803.37568,418.20452,401.17906,3
Q,8,903.43934,931.43426,303.17757,286.15212,2
R,9,1059.54045,1087.53537,175.11900,158.09354,1
